table,fk_ddl,is_disabled,is_not_trusted
dbo.Accommodations,ALTER TABLE [dbo].[Accommodations] WITH CHECK ADD CONSTRAINT [FK_Accommodations_DynamicControls] FOREIGN KEY ([ControlID]) REFERENCES [dbo].[DynamicControls] ([ControlID]);,1,1
dbo.AccommodationsRooms,ALTER TABLE [dbo].[AccommodationsRooms] WITH CHECK ADD CONSTRAINT [FK_AccommodationsRooms_Accommodations] FOREIGN KEY ([AccommodationID]) REFERENCES [dbo].[Accommodations] ([AccommodationID]);,1,1
dbo.AlternativeFormat_Archive_MediaJob,ALTER TABLE [dbo].[AlternativeFormat_Archive_MediaJob] WITH CHECK ADD CONSTRAINT [FK_AlternativeFormat_Archive_MediaJob_AlternativeFormat_Archive_MediaJob] FOREIGN KEY ([FKMediaContentPerFormatID]) REFERENCES [dbo].[AlternativeFormat_MediaContent_x_MediaContentFormat] ([MediaContentPerFormatID]);,0,0
dbo.AlternativeFormat_Archive_MediaJob,ALTER TABLE [dbo].[AlternativeFormat_Archive_MediaJob] WITH CHECK ADD CONSTRAINT [FK_AlternativeFormat_Archive_MediaJob_CampusLookup] FOREIGN KEY ([CampusId]) REFERENCES [dbo].[CampusLookup] ([CampusId]) ON DELETE SET NULL;,0,0
dbo.AlternativeFormat_Archive_StudentMediaRequestDetail,ALTER TABLE [dbo].[AlternativeFormat_Archive_StudentMediaRequestDetail] WITH CHECK ADD CONSTRAINT [FK_AlternativeFormat_Archive_StudentMediaRequestDetail_AlternativeFormat_MediaContent] FOREIGN KEY ([FKMediaContentID]) REFERENCES [dbo].[AlternativeFormat_MediaContent] ([MediaContentID]);,0,0
dbo.AlternativeFormat_Archive_StudentMediaRequestDetail,ALTER TABLE [dbo].[AlternativeFormat_Archive_StudentMediaRequestDetail] WITH CHECK ADD CONSTRAINT [FK_AlternativeFormat_Archive_StudentMediaRequestDetail_AlternativeFormat_MediaContent_x_MediaContentFormat] FOREIGN KEY ([FKMediaContentPerFormatId]) REFERENCES [dbo].[AlternativeFormat_MediaContent_x_MediaContentFormat] ([MediaContentPerFormatID]);,0,0
dbo.AlternativeFormat_Archive_StudentMediaRequestDetail,ALTER TABLE [dbo].[AlternativeFormat_Archive_StudentMediaRequestDetail] WITH CHECK ADD CONSTRAINT [FK_AlternativeFormat_Archive_StudentMediaRequestDetail_AlternativeFormat_ProofOfPurchaseInfo] FOREIGN KEY ([FKProofOfPurchaseID]) REFERENCES [dbo].[AlternativeFormat_ProofOfPurchaseInfo] ([ProofOfPurchaseID]) ON DELETE SET NULL;,0,0
dbo.AlternativeFormat_Archive_StudentMediaRequestDetail,ALTER TABLE [dbo].[AlternativeFormat_Archive_StudentMediaRequestDetail] WITH CHECK ADD CONSTRAINT [FK_AlternativeFormat_Archive_StudentMediaRequestDetail_AlternativeFormat_StudentMediaRequest] FOREIGN KEY ([FKStudentMediaRequestID]) REFERENCES [dbo].[AlternativeFormat_StudentMediaRequest] ([StudentMediaRequestID]);,0,0
dbo.AlternativeFormat_Cancelled_MediaJob,ALTER TABLE [dbo].[AlternativeFormat_Cancelled_MediaJob] WITH CHECK ADD CONSTRAINT [FK_AlternativeFormat_Cancelled_MediaJob_AlternativeFormat_Archive_MediaJob] FOREIGN KEY ([FKMediaContentPerFormatID]) REFERENCES [dbo].[AlternativeFormat_MediaContent_x_MediaContentFormat] ([MediaContentPerFormatID]);,0,0
dbo.AlternativeFormat_Cancelled_MediaJob,ALTER TABLE [dbo].[AlternativeFormat_Cancelled_MediaJob] WITH CHECK ADD CONSTRAINT [FK_AlternativeFormat_Cancelled_MediaJob_CampusLookup] FOREIGN KEY ([CampusId]) REFERENCES [dbo].[CampusLookup] ([CampusId]) ON DELETE SET NULL;,0,0
dbo.AlternativeFormat_Completed_MediaJob,ALTER TABLE [dbo].[AlternativeFormat_Completed_MediaJob] WITH CHECK ADD CONSTRAINT [FK_AlternativeFormat_Completed_MediaJob_AlternativeFormat_Archive_MediaJob] FOREIGN KEY ([FKMediaContentPerFormatID]) REFERENCES [dbo].[AlternativeFormat_MediaContent_x_MediaContentFormat] ([MediaContentPerFormatID]);,0,0
dbo.AlternativeFormat_Completed_MediaJob,ALTER TABLE [dbo].[AlternativeFormat_Completed_MediaJob] WITH CHECK ADD CONSTRAINT [FK_AlternativeFormat_Completed_MediaJob_CampusLookup] FOREIGN KEY ([CampusId]) REFERENCES [dbo].[CampusLookup] ([CampusId]) ON DELETE SET NULL;,0,0
dbo.AlternativeFormat_MediaContent,ALTER TABLE [dbo].[AlternativeFormat_MediaContent] WITH CHECK ADD CONSTRAINT [FK_AlternativeFormat_MediaContent_AlternativeFormat_Publisher] FOREIGN KEY ([PublisherID]) REFERENCES [dbo].[AlternativeFormat_Publisher] ([PublisherID]) ON DELETE SET NULL;,0,0
dbo.AlternativeFormat_MediaContent_x_Course,ALTER TABLE [dbo].[AlternativeFormat_MediaContent_x_Course] WITH CHECK ADD CONSTRAINT [FK_AlternativeFormat_MediaContent_x_Course_AlternativeFormat_MediaContent] FOREIGN KEY ([FK_MediaContentID]) REFERENCES [dbo].[AlternativeFormat_MediaContent] ([MediaContentID]) ON DELETE CASCADE;,0,0
dbo.AlternativeFormat_MediaContent_x_Course,ALTER TABLE [dbo].[AlternativeFormat_MediaContent_x_Course] WITH CHECK ADD CONSTRAINT [FK_AlternativeFormat_MediaContent_x_Course_LUCourses] FOREIGN KEY ([FK_CourseId]) REFERENCES [dbo].[LUCourses] ([LUCourseID]);,0,0
dbo.AlternativeFormat_MediaContent_x_MediaContentFormat,ALTER TABLE [dbo].[AlternativeFormat_MediaContent_x_MediaContentFormat] WITH CHECK ADD CONSTRAINT [FK_AlternativeFormat_MediaContent_x_MediaContentFormat_AlternativeFormat_MediaContent] FOREIGN KEY ([FKMediaContentID]) REFERENCES [dbo].[AlternativeFormat_MediaContent] ([MediaContentID]) ON DELETE CASCADE ON UPDATE CASCADE;,0,0
dbo.AlternativeFormat_MediaContentFile,ALTER TABLE [dbo].[AlternativeFormat_MediaContentFile] WITH CHECK ADD CONSTRAINT [FK_AlternativeFormat_MediaContentFile_AlternativeFormat_MediaContent_x_MediaContentFormat] FOREIGN KEY ([FKMediaContentFormatID]) REFERENCES [dbo].[AlternativeFormat_MediaContent_x_MediaContentFormat] ([MediaContentPerFormatID]);,0,0
dbo.AlternativeFormat_MediaJob,ALTER TABLE [dbo].[AlternativeFormat_MediaJob] WITH CHECK ADD CONSTRAINT [FK_AltenativeFormat_MediaJob_AlternativeFormat_MediaContent_x_MediaContentFormat] FOREIGN KEY ([FKMediaContentPerFormatID]) REFERENCES [dbo].[AlternativeFormat_MediaContent_x_MediaContentFormat] ([MediaContentPerFormatID]);,0,0
dbo.AlternativeFormat_MediaJob,ALTER TABLE [dbo].[AlternativeFormat_MediaJob] WITH CHECK ADD CONSTRAINT [FK_AlternativeFormat_MediaJob_CampusLookup] FOREIGN KEY ([CampusId]) REFERENCES [dbo].[CampusLookup] ([CampusId]) ON DELETE SET NULL;,0,0
dbo.AlternativeFormat_ProofOfPurchaseInfo,ALTER TABLE [dbo].[AlternativeFormat_ProofOfPurchaseInfo] WITH CHECK ADD CONSTRAINT [FK_AlternativeFormat_ProofOfPurchaseInfo_AlternativeFormat_MediaContent] FOREIGN KEY ([FK_MediaContentUniqueID]) REFERENCES [dbo].[AlternativeFormat_MediaContent] ([MediaContentID]);,0,0
dbo.AlternativeFormat_StudentMediaRequest,ALTER TABLE [dbo].[AlternativeFormat_StudentMediaRequest] WITH CHECK ADD CONSTRAINT [FK_AlternativeFormat_StudentMediaRequest_CampusLookup] FOREIGN KEY ([CampusId]) REFERENCES [dbo].[CampusLookup] ([CampusId]) ON DELETE SET NULL;,0,0
dbo.AlternativeFormat_StudentMediaRequestDetail,ALTER TABLE [dbo].[AlternativeFormat_StudentMediaRequestDetail] WITH CHECK ADD CONSTRAINT [FK_AlternativeFormat_StudentMediaRequestDetail_AlternativeFormat_MediaContent] FOREIGN KEY ([FKMediaContentID]) REFERENCES [dbo].[AlternativeFormat_MediaContent] ([MediaContentID]);,0,0
dbo.AlternativeFormat_StudentMediaRequestDetail,ALTER TABLE [dbo].[AlternativeFormat_StudentMediaRequestDetail] WITH CHECK ADD CONSTRAINT [FK_AlternativeFormat_StudentMediaRequestDetail_AlternativeFormat_MediaContent_x_MediaContentFormat] FOREIGN KEY ([FKMediaContentPerFormatId]) REFERENCES [dbo].[AlternativeFormat_MediaContent_x_MediaContentFormat] ([MediaContentPerFormatID]);,0,0
dbo.AlternativeFormat_StudentMediaRequestDetail,ALTER TABLE [dbo].[AlternativeFormat_StudentMediaRequestDetail] WITH CHECK ADD CONSTRAINT [FK_AlternativeFormat_StudentMediaRequestDetail_AlternativeFormat_ProofOfPurchaseInfo] FOREIGN KEY ([FKProofOfPurchaseID]) REFERENCES [dbo].[AlternativeFormat_ProofOfPurchaseInfo] ([ProofOfPurchaseID]) ON DELETE SET NULL;,0,0
dbo.AlternativeFormat_StudentMediaRequestDetail,ALTER TABLE [dbo].[AlternativeFormat_StudentMediaRequestDetail] WITH CHECK ADD CONSTRAINT [FK_AlternativeFormat_StudentMediaRequestDetail_AlternativeFormat_StudentMediaRequest] FOREIGN KEY ([FKStudentMediaRequestID]) REFERENCES [dbo].[AlternativeFormat_StudentMediaRequest] ([StudentMediaRequestID]);,0,0
dbo.AppointmentCancelledReason,ALTER TABLE [dbo].[AppointmentCancelledReason] WITH CHECK ADD CONSTRAINT [FK_AppointmentCancelledReason_Appointments_appid] FOREIGN KEY ([appointmentid]) REFERENCES [dbo].[Appointments] ([AppointmentID]);,0,1
dbo.AppointmentCancelledReason,ALTER TABLE [dbo].[AppointmentCancelledReason] WITH CHECK ADD CONSTRAINT [FK_AppointmentCancelledReason_Appointments_cancelreason] FOREIGN KEY ([cancelreasonid]) REFERENCES [dbo].[CancelReason] ([cancelreasonid]);,0,1
dbo.AppointmentCourses,ALTER TABLE [dbo].[AppointmentCourses] WITH CHECK ADD CONSTRAINT [FK_AppointmentCourses_Appointments] FOREIGN KEY ([AppointmentID]) REFERENCES [dbo].[Appointments] ([AppointmentID]);,1,1
dbo.AppointmentCourses,ALTER TABLE [dbo].[AppointmentCourses] WITH CHECK ADD CONSTRAINT [FK_appointmentcourses_teststatus] FOREIGN KEY ([ExamStatusLookupId]) REFERENCES [dbo].[ExamStatusLookup] ([ExamStatusLookupId]);,0,1
dbo.AppointmentCoursesFastLoad,ALTER TABLE [dbo].[AppointmentCoursesFastLoad] WITH CHECK ADD CONSTRAINT [FK_AppointmentCoursesFastLoad_AppointmentCourses] FOREIGN KEY ([AppointmentCourseID]) REFERENCES [dbo].[AppointmentCourses] ([AppointmentCourseID]) ON DELETE CASCADE ON UPDATE CASCADE;,0,0
dbo.AppointmentCoursesFastLoad,ALTER TABLE [dbo].[AppointmentCoursesFastLoad] WITH CHECK ADD CONSTRAINT [FK_AppointmentCoursesFastLoad_AppointmentsFastLoad] FOREIGN KEY ([AppointmentID]) REFERENCES [dbo].[AppointmentsFastLoad] ([AppointmentID]);,1,1
dbo.AppointmentCoursesFastLoad,ALTER TABLE [dbo].[AppointmentCoursesFastLoad] WITH CHECK ADD CONSTRAINT [FK_appointmentcoursesfastload_teststatus] FOREIGN KEY ([ExamStatusLookupId]) REFERENCES [dbo].[ExamStatusLookup] ([ExamStatusLookupId]);,0,1
dbo.AppointmentGroupNoPermissions,ALTER TABLE [dbo].[AppointmentGroupNoPermissions] WITH CHECK ADD CONSTRAINT [FK_AppointmentGroupNoPermissions_Groups] FOREIGN KEY ([groupid]) REFERENCES [dbo].[Groups] ([GroupID]);,1,1
dbo.AppointmentGroupNoPermissions,ALTER TABLE [dbo].[AppointmentGroupNoPermissions] WITH CHECK ADD CONSTRAINT [FK_AppointmentGroupNoPermissions_People] FOREIGN KEY ([personid]) REFERENCES [dbo].[People] ([PersonID]);,1,1
dbo.AppointmentGroupNoPermissionsExceptions,ALTER TABLE [dbo].[AppointmentGroupNoPermissionsExceptions] WITH CHECK ADD CONSTRAINT [FK_AppointmentGroupNoPermissionsExceptions_Groups] FOREIGN KEY ([groupid]) REFERENCES [dbo].[Groups] ([GroupID]);,1,1
dbo.AppointmentGroupNoPermissionsExceptions,ALTER TABLE [dbo].[AppointmentGroupNoPermissionsExceptions] WITH CHECK ADD CONSTRAINT [FK_AppointmentGroupNoPermissionsExceptions_People] FOREIGN KEY ([personid]) REFERENCES [dbo].[People] ([PersonID]);,1,1
dbo.AppointmentIcons,ALTER TABLE [dbo].[AppointmentIcons] WITH CHECK ADD CONSTRAINT [FK_AppointmentIcons_Appointments] FOREIGN KEY ([AppointmentID]) REFERENCES [dbo].[Appointments] ([AppointmentID]);,1,1
dbo.AppointmentIconsFastLoad,ALTER TABLE [dbo].[AppointmentIconsFastLoad] WITH CHECK ADD CONSTRAINT [FK_AppointmentIconsFastLoad_AppointmentIcons] FOREIGN KEY ([AppIconID]) REFERENCES [dbo].[AppointmentIcons] ([AppIconID]) ON DELETE CASCADE ON UPDATE CASCADE;,0,0
dbo.AppointmentIconsFastLoad,ALTER TABLE [dbo].[AppointmentIconsFastLoad] WITH CHECK ADD CONSTRAINT [FK_AppointmentIconsFastLoad_AppointmentsFastLoad] FOREIGN KEY ([AppointmentID]) REFERENCES [dbo].[AppointmentsFastLoad] ([AppointmentID]);,1,1
dbo.AppointmentMemos,ALTER TABLE [dbo].[AppointmentMemos] WITH CHECK ADD CONSTRAINT [FK_AppointmentMemos_Appointments] FOREIGN KEY ([AppointmentID]) REFERENCES [dbo].[Appointments] ([AppointmentID]);,1,1
dbo.AppointmentMemosFastLoad,ALTER TABLE [dbo].[AppointmentMemosFastLoad] WITH CHECK ADD CONSTRAINT [FK_AppointmentMemosFastLoad_AppointmentMemos] FOREIGN KEY ([AppMemoID]) REFERENCES [dbo].[AppointmentMemos] ([AppMemoID]) ON DELETE CASCADE ON UPDATE CASCADE;,0,0
dbo.AppointmentMemosFastLoad,ALTER TABLE [dbo].[AppointmentMemosFastLoad] WITH CHECK ADD CONSTRAINT [FK_AppointmentMemosFastLoad_AppointmentsFastLoad] FOREIGN KEY ([AppointmentID]) REFERENCES [dbo].[AppointmentsFastLoad] ([AppointmentID]);,1,1
dbo.AppointmentPersonNoPermissions,ALTER TABLE [dbo].[AppointmentPersonNoPermissions] WITH CHECK ADD CONSTRAINT [FK_AppointmentPersonNoPermissions_People] FOREIGN KEY ([personid]) REFERENCES [dbo].[People] ([PersonID]);,1,1
dbo.AppointmentPersonNoPermissions,ALTER TABLE [dbo].[AppointmentPersonNoPermissions] WITH CHECK ADD CONSTRAINT [FK_AppointmentPersonNoPermissions_People1] FOREIGN KEY ([personid_noaccess]) REFERENCES [dbo].[People] ([PersonID]);,1,1
dbo.AppointmentPersonNoPermissionsExceptions,ALTER TABLE [dbo].[AppointmentPersonNoPermissionsExceptions] WITH CHECK ADD CONSTRAINT [FK_AppointmentPersonNoPermissionsExceptions_People] FOREIGN KEY ([personid]) REFERENCES [dbo].[People] ([PersonID]);,1,1
dbo.AppointmentPersonNoPermissionsExceptions,ALTER TABLE [dbo].[AppointmentPersonNoPermissionsExceptions] WITH CHECK ADD CONSTRAINT [FK_AppointmentPersonNoPermissionsExceptions_People1] FOREIGN KEY ([personid_access]) REFERENCES [dbo].[People] ([PersonID]);,1,1
dbo.Appointments,ALTER TABLE [dbo].[Appointments] WITH CHECK ADD CONSTRAINT [FK_Appointments_AppointmentTypes] FOREIGN KEY ([AppTypeID]) REFERENCES [dbo].[AppointmentTypes] ([AppTypeID]);,1,1
dbo.Appointments,ALTER TABLE [dbo].[Appointments] WITH CHECK ADD CONSTRAINT [FK_Appointments_Exams_examid] FOREIGN KEY ([examid]) REFERENCES [dbo].[Exams] ([examid]);,0,1
dbo.AppointmentsFastLoad,ALTER TABLE [dbo].[AppointmentsFastLoad] WITH CHECK ADD CONSTRAINT [FK_AppointmentsFastLoad_Appointments] FOREIGN KEY ([AppointmentID]) REFERENCES [dbo].[Appointments] ([AppointmentID]) ON DELETE CASCADE ON UPDATE CASCADE;,0,0
dbo.AppointmentsFastLoad,ALTER TABLE [dbo].[AppointmentsFastLoad] WITH CHECK ADD CONSTRAINT [FK_AppointmentsFastLoad_AppointmentTypes] FOREIGN KEY ([AppTypeID]) REFERENCES [dbo].[AppointmentTypes] ([AppTypeID]);,1,1
dbo.AppointmentsFastLoad,ALTER TABLE [dbo].[AppointmentsFastLoad] WITH CHECK ADD CONSTRAINT [FK_AppointmentsFastLoad_Exams_examid] FOREIGN KEY ([examid]) REFERENCES [dbo].[Exams] ([examid]);,0,1
dbo.AppointmentsModifiedDates,ALTER TABLE [dbo].[AppointmentsModifiedDates] WITH CHECK ADD CONSTRAINT [FK_AppointmentsModifiedDates_Appointments] FOREIGN KEY ([appointmentID]) REFERENCES [dbo].[Appointments] ([AppointmentID]);,1,1
dbo.AppointmentsModifiedDates,ALTER TABLE [dbo].[AppointmentsModifiedDates] WITH CHECK ADD CONSTRAINT [FK_AppointmentsModifiedDates_People] FOREIGN KEY ([personID]) REFERENCES [dbo].[People] ([PersonID]);,1,1
dbo.AppointmentTypes,ALTER TABLE [dbo].[AppointmentTypes] WITH CHECK ADD CONSTRAINT [FK_AppointmentTypes_AppointmentTypeGroups] FOREIGN KEY ([appointmentTypeGroupID]) REFERENCES [dbo].[AppointmentTypeGroups] ([AppointmentTypeGroupID]);,1,1
dbo.AppointmentVirtualMeetings,ALTER TABLE [dbo].[AppointmentVirtualMeetings] WITH CHECK ADD CONSTRAINT [FK_appointmentvirtualmeetings_appointmentid] FOREIGN KEY ([FK_AppointmentId]) REFERENCES [dbo].[Appointments] ([AppointmentID]);,0,1
dbo.AppointmentVirtualMeetings,ALTER TABLE [dbo].[AppointmentVirtualMeetings] WITH CHECK ADD CONSTRAINT [FK_hostpersonid_personid] FOREIGN KEY ([FK_HostPersonId]) REFERENCES [dbo].[People] ([PersonID]);,0,1
dbo.AppointmentWorkshops,ALTER TABLE [dbo].[AppointmentWorkshops] WITH CHECK ADD CONSTRAINT [FK_AppointmentWorkshops_Appointments] FOREIGN KEY ([AppointmentID]) REFERENCES [dbo].[Appointments] ([AppointmentID]);,0,0
dbo.AppointmentWorkshops,ALTER TABLE [dbo].[AppointmentWorkshops] WITH CHECK ADD CONSTRAINT [FK_AppointmentWorkshops_Workshops] FOREIGN KEY ([WorkshopID]) REFERENCES [dbo].[Workshops] ([WorkshopID]);,1,1
dbo.AppointmentWorkshopsFastLoad,ALTER TABLE [dbo].[AppointmentWorkshopsFastLoad] WITH CHECK ADD CONSTRAINT [FK_AppointmentWorkshopsFastLoad_AppointmentsFastLoad] FOREIGN KEY ([AppointmentID]) REFERENCES [dbo].[AppointmentsFastLoad] ([AppointmentID]);,0,0
dbo.AppointmentWorkshopsFastLoad,ALTER TABLE [dbo].[AppointmentWorkshopsFastLoad] WITH CHECK ADD CONSTRAINT [FK_AppointmentWorkshopsFastLoad_AppointmentWorkshops] FOREIGN KEY ([AppWorkshopID]) REFERENCES [dbo].[AppointmentWorkshops] ([AppWorkshopID]) ON DELETE CASCADE ON UPDATE CASCADE;,0,0
dbo.AppointmentWorkshopsFastLoad,ALTER TABLE [dbo].[AppointmentWorkshopsFastLoad] WITH CHECK ADD CONSTRAINT [FK_AppointmentWorkshopsFastLoad_Workshops] FOREIGN KEY ([WorkshopID]) REFERENCES [dbo].[Workshops] ([WorkshopID]);,1,1
dbo.AppPermissions_group_group,ALTER TABLE [dbo].[AppPermissions_group_group] WITH CHECK ADD CONSTRAINT [FK_AppPermissions_group_group_Groups] FOREIGN KEY ([groupid_whosSchedule]) REFERENCES [dbo].[Groups] ([GroupID]);,0,0
dbo.AppPermissions_group_group,ALTER TABLE [dbo].[AppPermissions_group_group] WITH CHECK ADD CONSTRAINT [FK_AppPermissions_group_group_Groups1] FOREIGN KEY ([groupid_whosAsking]) REFERENCES [dbo].[Groups] ([GroupID]);,0,0
dbo.AppPermissions_group_person,ALTER TABLE [dbo].[AppPermissions_group_person] WITH CHECK ADD CONSTRAINT [FK_AppPermissions_group_person_Groups] FOREIGN KEY ([groupid_whosSchedule]) REFERENCES [dbo].[Groups] ([GroupID]);,0,0
dbo.AppPermissions_group_person,ALTER TABLE [dbo].[AppPermissions_group_person] WITH CHECK ADD CONSTRAINT [FK_AppPermissions_group_person_People] FOREIGN KEY ([personid_whosAsking]) REFERENCES [dbo].[People] ([PersonID]);,0,0
dbo.AppPermissions_person_group,ALTER TABLE [dbo].[AppPermissions_person_group] WITH CHECK ADD CONSTRAINT [FK_AppPermissions_person_group_Groups] FOREIGN KEY ([groupid_whosAsking]) REFERENCES [dbo].[Groups] ([GroupID]);,0,0
dbo.AppPermissions_person_group,ALTER TABLE [dbo].[AppPermissions_person_group] WITH CHECK ADD CONSTRAINT [FK_AppPermissions_person_group_People] FOREIGN KEY ([personid_whosSchedule]) REFERENCES [dbo].[People] ([PersonID]);,0,0
dbo.AppPermissions_person_person,ALTER TABLE [dbo].[AppPermissions_person_person] WITH CHECK ADD CONSTRAINT [FK_AppPermissions_person_person_People] FOREIGN KEY ([personid_whosSchedule]) REFERENCES [dbo].[People] ([PersonID]);,0,0
dbo.AppPermissions_person_person,ALTER TABLE [dbo].[AppPermissions_person_person] WITH CHECK ADD CONSTRAINT [FK_AppPermissions_person_person_People1] FOREIGN KEY ([personid_whosAsking]) REFERENCES [dbo].[People] ([PersonID]);,0,0
dbo.AT_quote,ALTER TABLE [dbo].[AT_quote] WITH CHECK ADD CONSTRAINT [FK_quote_people] FOREIGN KEY ([personid]) REFERENCES [dbo].[People] ([PersonID]);,0,1
dbo.AT_quoteitem,ALTER TABLE [dbo].[AT_quoteitem] WITH CHECK ADD CONSTRAINT [FK_quoteItem_item] FOREIGN KEY ([itemid]) REFERENCES [dbo].[AT_item] ([itemid]);,0,1
dbo.AT_quoteitem,ALTER TABLE [dbo].[AT_quoteitem] WITH CHECK ADD CONSTRAINT [FK_QuoteItem_Quote] FOREIGN KEY ([quoteid]) REFERENCES [dbo].[AT_quote] ([quoteid]);,0,1
dbo.AT_quoteitem,ALTER TABLE [dbo].[AT_quoteitem] WITH CHECK ADD CONSTRAINT [FK_quoteItem_vendor] FOREIGN KEY ([vendorid]) REFERENCES [dbo].[AT_vendor] ([vendorid]);,0,1
dbo.AT_vendorcontact,ALTER TABLE [dbo].[AT_vendorcontact] WITH CHECK ADD CONSTRAINT [FK_VendorContact_Vendor] FOREIGN KEY ([vendorid]) REFERENCES [dbo].[AT_vendor] ([vendorid]);,0,1
dbo.AT_vendoritem,ALTER TABLE [dbo].[AT_vendoritem] WITH CHECK ADD CONSTRAINT [FK_vendoritem_item] FOREIGN KEY ([itemid]) REFERENCES [dbo].[AT_item] ([itemid]);,0,1
dbo.AT_vendoritem,ALTER TABLE [dbo].[AT_vendoritem] WITH CHECK ADD CONSTRAINT [FK_VendorItem_Vendor] FOREIGN KEY ([vendorid]) REFERENCES [dbo].[AT_vendor] ([vendorid]);,0,1
dbo.Attendees,ALTER TABLE [dbo].[Attendees] WITH CHECK ADD CONSTRAINT [FK_Attendees_Appointments] FOREIGN KEY ([AppointmentID]) REFERENCES [dbo].[Appointments] ([AppointmentID]);,1,1
dbo.Attendees,ALTER TABLE [dbo].[Attendees] WITH CHECK ADD CONSTRAINT [FK_Attendees_People] FOREIGN KEY ([PersonID]) REFERENCES [dbo].[People] ([PersonID]);,1,1
dbo.AttendeesFastLoad,ALTER TABLE [dbo].[AttendeesFastLoad] WITH CHECK ADD CONSTRAINT [FK_AttendeesFastLoad_Attendees] FOREIGN KEY ([AttendeeID]) REFERENCES [dbo].[Attendees] ([AttendeeID]) ON DELETE CASCADE ON UPDATE CASCADE;,0,0
dbo.AvailabilitySchedule,ALTER TABLE [dbo].[AvailabilitySchedule] WITH CHECK ADD CONSTRAINT [FK_AvailabilitySchedule_AvailabilityGroup] FOREIGN KEY ([availabilitygroupid]) REFERENCES [dbo].[AvailabilityGroup] ([availabilitygroupid]);,1,1
dbo.AvailabilitySchedule,ALTER TABLE [dbo].[AvailabilitySchedule] WITH CHECK ADD CONSTRAINT [FK_AvailabilitySchedule_People] FOREIGN KEY ([personid]) REFERENCES [dbo].[People] ([PersonID]);,1,1
dbo.ClockWorkServerJob_ExecutionLogs,ALTER TABLE [dbo].[ClockWorkServerJob_ExecutionLogs] WITH CHECK ADD CONSTRAINT [FK_ClockWorkServerJob_ExecutionLogs_ClockWorkServerJob_JobInfo] FOREIGN KEY ([FK_JobId]) REFERENCES [dbo].[ClockWorkServerJob_JobInfo] ([JobId]) ON DELETE CASCADE;,0,0
dbo.ClockWorkServerJob_JobSteps,ALTER TABLE [dbo].[ClockWorkServerJob_JobSteps] WITH CHECK ADD CONSTRAINT [FK_ClockWorkServerJob_JobSteps_ClockWorkServerJob_JobInfo] FOREIGN KEY ([FK_JobId]) REFERENCES [dbo].[ClockWorkServerJob_JobInfo] ([JobId]) ON DELETE CASCADE;,0,0
dbo.Common_FileStore,ALTER TABLE [dbo].[Common_FileStore] WITH CHECK ADD CONSTRAINT [FK_FileStorage_FileType_FileTypeId] FOREIGN KEY ([FileTypeId]) REFERENCES [dbo].[Common_FileType] ([FileTypeId]);,0,1
dbo.Courses,ALTER TABLE [dbo].[Courses] WITH CHECK ADD CONSTRAINT [FK_Courses_LUCourses] FOREIGN KEY ([luCourseID]) REFERENCES [dbo].[LUCourses] ([LUCourseID]);,1,1
dbo.Courses,ALTER TABLE [dbo].[Courses] WITH CHECK ADD CONSTRAINT [FK_Courses_People] FOREIGN KEY ([personID]) REFERENCES [dbo].[People] ([PersonID]);,1,1
dbo.CustomDataPerDate,ALTER TABLE [dbo].[CustomDataPerDate] WITH CHECK ADD CONSTRAINT [FK_CustomDataPerDate_CustomDataInstance] FOREIGN KEY ([DataInstanceId]) REFERENCES [dbo].[CustomDataInstance] ([DataInstanceId]);,0,1
dbo.CustomDataPerDate,ALTER TABLE [dbo].[CustomDataPerDate] WITH CHECK ADD CONSTRAINT [FK_CustomDataPerDate_CustomPerDateEntry] FOREIGN KEY ([PerDateId]) REFERENCES [dbo].[CustomPerDateEntry] ([PerDateId]);,0,1
dbo.CustomDataPerDate,ALTER TABLE [dbo].[CustomDataPerDate] WITH CHECK ADD CONSTRAINT [FK_CustomDataPerDate_People] FOREIGN KEY ([PersonId]) REFERENCES [dbo].[People] ([PersonID]);,0,1
dbo.CustomDataPerSemester,ALTER TABLE [dbo].[CustomDataPerSemester] WITH CHECK ADD CONSTRAINT [FK_CustomDataPerSemester_CustomDataInstance] FOREIGN KEY ([DataInstanceId]) REFERENCES [dbo].[CustomDataInstance] ([DataInstanceId]);,0,1
dbo.CustomDataPerSemester,ALTER TABLE [dbo].[CustomDataPerSemester] WITH CHECK ADD CONSTRAINT [FK_CustomDataPerSemester_People] FOREIGN KEY ([PersonId]) REFERENCES [dbo].[People] ([PersonID]);,0,1
dbo.CustomDataPerSemester,ALTER TABLE [dbo].[CustomDataPerSemester] WITH CHECK ADD CONSTRAINT [FK_CustomDataPerSemester_Semester] FOREIGN KEY ([SemesterId]) REFERENCES [dbo].[Semester] ([SemesterId]);,0,1
dbo.CustomDataPerStudent,ALTER TABLE [dbo].[CustomDataPerStudent] WITH CHECK ADD CONSTRAINT [FK_CustomDataPerStudent_CustomDataInstance] FOREIGN KEY ([DataInstanceId]) REFERENCES [dbo].[CustomDataInstance] ([DataInstanceId]);,0,1
dbo.CustomDataPerStudent,ALTER TABLE [dbo].[CustomDataPerStudent] WITH CHECK ADD CONSTRAINT [FK_CustomDataPerStudent_People] FOREIGN KEY ([PersonId]) REFERENCES [dbo].[People] ([PersonID]);,0,1
dbo.CustomListItem,ALTER TABLE [dbo].[CustomListItem] WITH CHECK ADD CONSTRAINT [FK_CustomListItem_CustomListGroup] FOREIGN KEY ([CustomListGroupId]) REFERENCES [dbo].[CustomListGroup] ([CustomListGroupId]);,0,1
dbo.DateTimeInfoAccommodationPS,ALTER TABLE [dbo].[DateTimeInfoAccommodationPS] WITH CHECK ADD CONSTRAINT [FK_DateTimeInfoAccommodationPS_DynamicControls] FOREIGN KEY ([ControlID]) REFERENCES [dbo].[DynamicControls] ([ControlID]);,1,1
dbo.DateTimeInfoAccommodationPS,ALTER TABLE [dbo].[DateTimeInfoAccommodationPS] WITH CHECK ADD CONSTRAINT [FK_DateTimeInfoAccommodationPS_People] FOREIGN KEY ([PersonID]) REFERENCES [dbo].[People] ([PersonID]);,1,1
dbo.DateTimeInfoAN,ALTER TABLE [dbo].[DateTimeInfoAN] WITH CHECK ADD CONSTRAINT [FK_DateTimeInfoAN_DynamicControls] FOREIGN KEY ([ControlID]) REFERENCES [dbo].[DynamicControls] ([ControlID]);,0,0
dbo.DateTimeInfoInstructorPM,ALTER TABLE [dbo].[DateTimeInfoInstructorPM] WITH CHECK ADD CONSTRAINT [FK_DateTimeinfoinstructorpm_exam] FOREIGN KEY ([appointmentid]) REFERENCES [dbo].[Exams] ([examid]);,0,1
dbo.DateTimeInfoOnlineForm,ALTER TABLE [dbo].[DateTimeInfoOnlineForm] WITH CHECK ADD CONSTRAINT [FK_DateTimeInfoOnlineForm_people_onlineform] FOREIGN KEY ([people_onlineFormId]) REFERENCES [dbo].[people_onlineform] ([people_onlineFormId]);,0,1
dbo.DateTimeInfoPA,ALTER TABLE [dbo].[DateTimeInfoPA] WITH CHECK ADD CONSTRAINT [FK_DateTimeInfoPA_DynamicControls] FOREIGN KEY ([ControlID]) REFERENCES [dbo].[DynamicControls] ([ControlID]);,1,1
dbo.DateTimeInfoPA,ALTER TABLE [dbo].[DateTimeInfoPA] WITH CHECK ADD CONSTRAINT [FK_DateTimeInfoPA_People] FOREIGN KEY ([personID]) REFERENCES [dbo].[People] ([PersonID]);,1,1
dbo.DateTimeInfoPC,ALTER TABLE [dbo].[DateTimeInfoPC] WITH CHECK ADD CONSTRAINT [FK_datetimeinfopc_DynamicControls_ControlId] FOREIGN KEY ([controlid]) REFERENCES [dbo].[DynamicControls] ([ControlID]);,0,1
dbo.DateTimeInfoPC,ALTER TABLE [dbo].[DateTimeInfoPC] WITH CHECK ADD CONSTRAINT [FK_datetimeinfopc_infopc_Personid] FOREIGN KEY ([personid]) REFERENCES [dbo].[InfoPC] ([personid]);,0,1
dbo.DateTimeInfoPJA,ALTER TABLE [dbo].[DateTimeInfoPJA] WITH CHECK ADD CONSTRAINT [FK_DateTimeInfoPJA_Appointments] FOREIGN KEY ([appointmentID]) REFERENCES [dbo].[Appointments] ([AppointmentID]);,0,0
dbo.DateTimeInfoPJA,ALTER TABLE [dbo].[DateTimeInfoPJA] WITH CHECK ADD CONSTRAINT [FK_DateTimeInfoPJA_DynamicControls] FOREIGN KEY ([ControlID]) REFERENCES [dbo].[DynamicControls] ([ControlID]);,0,0
dbo.DateTimeInfoPJA,ALTER TABLE [dbo].[DateTimeInfoPJA] WITH CHECK ADD CONSTRAINT [FK_DateTimeInfoPJA_People] FOREIGN KEY ([personID]) REFERENCES [dbo].[People] ([PersonID]);,0,0
dbo.DateTimeInfoPM,ALTER TABLE [dbo].[DateTimeInfoPM] WITH CHECK ADD CONSTRAINT [FK_datetimeinfopm_DynamicControls_ControlId] FOREIGN KEY ([controlid]) REFERENCES [dbo].[DynamicControls] ([ControlID]);,0,1
dbo.DateTimeInfoPM,ALTER TABLE [dbo].[DateTimeInfoPM] WITH CHECK ADD CONSTRAINT [FK_datetimeinfopm_infopm] FOREIGN KEY ([appointmentid]) REFERENCES [dbo].[InfoPM] ([appointmentid]);,0,1
dbo.DateTimeInfoPM,ALTER TABLE [dbo].[DateTimeInfoPM] WITH CHECK ADD CONSTRAINT [FK_datetimeinfopm_People_Personid] FOREIGN KEY ([personid]) REFERENCES [dbo].[People] ([PersonID]);,0,1
dbo.DateTimeInfoPS,ALTER TABLE [dbo].[DateTimeInfoPS] WITH CHECK ADD CONSTRAINT [FK_DateTimeInfoPS_DynamicControls] FOREIGN KEY ([ControlID]) REFERENCES [dbo].[DynamicControls] ([ControlID]);,1,1
dbo.DateTimeInfoPS,ALTER TABLE [dbo].[DateTimeInfoPS] WITH CHECK ADD CONSTRAINT [FK_DateTimeInfoPS_People] FOREIGN KEY ([PersonID]) REFERENCES [dbo].[People] ([PersonID]);,1,1
dbo.DateTimeInfoSurvey,ALTER TABLE [dbo].[DateTimeInfoSurvey] WITH CHECK ADD CONSTRAINT [FK_DateTimeInfoSurvey_people_survey] FOREIGN KEY ([people_surveyId]) REFERENCES [dbo].[people_survey] ([people_surveyId]);,0,1
dbo.DepartmentGroups,ALTER TABLE [dbo].[DepartmentGroups] WITH CHECK ADD CONSTRAINT [FK_Department_departmentgroups] FOREIGN KEY ([departmentid]) REFERENCES [dbo].[Departments] ([departmentid]);,0,1
dbo.DepartmentGroups,ALTER TABLE [dbo].[DepartmentGroups] WITH CHECK ADD CONSTRAINT [FK_Department_groups] FOREIGN KEY ([groupid]) REFERENCES [dbo].[Groups] ([GroupID]);,0,1
dbo.DynamicScreenControls,ALTER TABLE [dbo].[DynamicScreenControls] WITH CHECK ADD CONSTRAINT [FK_DynamicScreenControls_DynamicControls] FOREIGN KEY ([controlID]) REFERENCES [dbo].[DynamicControls] ([ControlID]);,0,0
dbo.DynamicScreenControls,ALTER TABLE [dbo].[DynamicScreenControls] WITH CHECK ADD CONSTRAINT [FK_DynamicScreenControls_Screens] FOREIGN KEY ([screenNum]) REFERENCES [dbo].[Screens] ([ScreenNum]);,1,1
dbo.DynamicScreenNonDataControls,ALTER TABLE [dbo].[DynamicScreenNonDataControls] WITH CHECK ADD CONSTRAINT [FK_DynamicScreenNonDataControls_DynamicControls] FOREIGN KEY ([ControlCode]) REFERENCES [dbo].[DynamicControls] ([ControlID]);,1,1
dbo.EmailHistory,ALTER TABLE [dbo].[EmailHistory] WITH CHECK ADD CONSTRAINT [FK_EmailHistory_People] FOREIGN KEY ([personid]) REFERENCES [dbo].[People] ([PersonID]);,0,0
dbo.EmailHistory,ALTER TABLE [dbo].[EmailHistory] WITH CHECK ADD CONSTRAINT [FK_EmailHistory_People1] FOREIGN KEY ([sentby]) REFERENCES [dbo].[People] ([PersonID]);,0,0
dbo.EmailTemplates,ALTER TABLE [dbo].[EmailTemplates] WITH CHECK ADD CONSTRAINT [FK_EmailTemplates_EmailTemplateGroups] FOREIGN KEY ([templategroupid]) REFERENCES [dbo].[EmailTemplateGroups] ([templategroupid]);,0,0
dbo.ExamFiles,ALTER TABLE [dbo].[ExamFiles] WITH CHECK ADD CONSTRAINT [FK_exams_examfiles] FOREIGN KEY ([examid]) REFERENCES [dbo].[Exams] ([examid]);,0,1
dbo.ExamImportLog,ALTER TABLE [dbo].[ExamImportLog] WITH CHECK ADD CONSTRAINT [FK_ExamImportLog_ExamImportLogCode] FOREIGN KEY ([ExamImportLogCodeID]) REFERENCES [dbo].[ExamImportLogCode] ([ExamImportLogCodeID]);,1,1
dbo.ExamsFastLoad,ALTER TABLE [dbo].[ExamsFastLoad] WITH CHECK ADD CONSTRAINT [FK_ExamsFastLoad_Exams] FOREIGN KEY ([examid]) REFERENCES [dbo].[Exams] ([examid]) ON DELETE CASCADE ON UPDATE CASCADE;,0,0
dbo.ExamsFastLoad,ALTER TABLE [dbo].[ExamsFastLoad] WITH CHECK ADD CONSTRAINT [FK_ExamsFastLoad_LuCourses] FOREIGN KEY ([lucourseid]) REFERENCES [dbo].[LUCourses] ([LUCourseID]);,0,1
dbo.ExamsFastLoad,ALTER TABLE [dbo].[ExamsFastLoad] WITH CHECK ADD CONSTRAINT [FK_ExamsFastLoad_People] FOREIGN KEY ([whoentered]) REFERENCES [dbo].[People] ([PersonID]);,1,1
dbo.ExamsFastLoad,ALTER TABLE [dbo].[ExamsFastLoad] WITH CHECK ADD CONSTRAINT [FK_ExamsFastLoad_People2] FOREIGN KEY ([wholastmodified]) REFERENCES [dbo].[People] ([PersonID]);,1,1
dbo.generallog,ALTER TABLE [dbo].[generallog] WITH CHECK ADD CONSTRAINT [FK_generallog_People] FOREIGN KEY ([personid]) REFERENCES [dbo].[People] ([PersonID]);,0,0
dbo.generallog,ALTER TABLE [dbo].[generallog] WITH CHECK ADD CONSTRAINT [FK_generallog_People1] FOREIGN KEY ([whodidit]) REFERENCES [dbo].[People] ([PersonID]);,0,0
dbo.ImageInfoInstructorPM,ALTER TABLE [dbo].[ImageInfoInstructorPM] WITH CHECK ADD CONSTRAINT [FK_Imageinfoinstructorpm_exam] FOREIGN KEY ([appointmentid]) REFERENCES [dbo].[Exams] ([examid]);,0,1
dbo.ImageInfoOnlineForm,ALTER TABLE [dbo].[ImageInfoOnlineForm] WITH CHECK ADD CONSTRAINT [FK_ImageInfoOnlineForm_people_onlineform] FOREIGN KEY ([people_onlineFormId]) REFERENCES [dbo].[people_onlineform] ([people_onlineFormId]);,0,1
dbo.ImageInfoPA,ALTER TABLE [dbo].[ImageInfoPA] WITH CHECK ADD CONSTRAINT [FK_ImageInfoPA_Appointments_AppointmentID] FOREIGN KEY ([appointmentID]) REFERENCES [dbo].[Appointments] ([AppointmentID]);,0,1
dbo.ImageInfoPA,ALTER TABLE [dbo].[ImageInfoPA] WITH CHECK ADD CONSTRAINT [FK_ImageInfoPA_DynamicControls_ControlId] FOREIGN KEY ([controlID]) REFERENCES [dbo].[DynamicControls] ([ControlID]);,0,1
dbo.ImageInfoPA,ALTER TABLE [dbo].[ImageInfoPA] WITH CHECK ADD CONSTRAINT [FK_ImageInfoPA_People_Personid] FOREIGN KEY ([personID]) REFERENCES [dbo].[People] ([PersonID]);,0,1
dbo.ImageInfoPC,ALTER TABLE [dbo].[ImageInfoPC] WITH CHECK ADD CONSTRAINT [FK_imageinfopc_DynamicControls_ControlId] FOREIGN KEY ([controlid]) REFERENCES [dbo].[DynamicControls] ([ControlID]);,0,1
dbo.ImageInfoPJA,ALTER TABLE [dbo].[ImageInfoPJA] WITH CHECK ADD CONSTRAINT [FK_ImageInfoPJA_Appointments_AppointmentID] FOREIGN KEY ([appointmentID]) REFERENCES [dbo].[Appointments] ([AppointmentID]);,0,1
dbo.ImageInfoPJA,ALTER TABLE [dbo].[ImageInfoPJA] WITH CHECK ADD CONSTRAINT [FK_ImageInfoPJA_DynamicControls_ControlId] FOREIGN KEY ([controlID]) REFERENCES [dbo].[DynamicControls] ([ControlID]);,0,1
dbo.ImageInfoPJA,ALTER TABLE [dbo].[ImageInfoPJA] WITH CHECK ADD CONSTRAINT [FK_ImageInfoPJA_People_Personid] FOREIGN KEY ([personID]) REFERENCES [dbo].[People] ([PersonID]);,0,1
dbo.ImageInfoPM,ALTER TABLE [dbo].[ImageInfoPM] WITH CHECK ADD CONSTRAINT [FK_imageinfopm_DynamicControls_ControlId] FOREIGN KEY ([controlid]) REFERENCES [dbo].[DynamicControls] ([ControlID]);,0,1
dbo.ImageInfoPM,ALTER TABLE [dbo].[ImageInfoPM] WITH CHECK ADD CONSTRAINT [FK_imageinfopm_infopm] FOREIGN KEY ([appointmentid]) REFERENCES [dbo].[InfoPM] ([appointmentid]);,0,1
dbo.ImageInfoPM,ALTER TABLE [dbo].[ImageInfoPM] WITH CHECK ADD CONSTRAINT [FK_imageinfopm_People_Personid] FOREIGN KEY ([personid]) REFERENCES [dbo].[People] ([PersonID]);,0,1
dbo.ImageInfoPS,ALTER TABLE [dbo].[ImageInfoPS] WITH CHECK ADD CONSTRAINT [FK_ImageInfoPS_DynamicControls] FOREIGN KEY ([ControlID]) REFERENCES [dbo].[DynamicControls] ([ControlID]);,1,1
dbo.ImageInfoPS,ALTER TABLE [dbo].[ImageInfoPS] WITH CHECK ADD CONSTRAINT [FK_ImageInfoPs_DynamicControls_ControlId] FOREIGN KEY ([ControlID]) REFERENCES [dbo].[DynamicControls] ([ControlID]);,0,1
dbo.ImageInfoPS,ALTER TABLE [dbo].[ImageInfoPS] WITH CHECK ADD CONSTRAINT [FK_ImageInfoPS_People] FOREIGN KEY ([PersonID]) REFERENCES [dbo].[People] ([PersonID]);,1,1
dbo.ImageInfoPS,ALTER TABLE [dbo].[ImageInfoPS] WITH CHECK ADD CONSTRAINT [FK_ImageInfoPs_People_Personid] FOREIGN KEY ([PersonID]) REFERENCES [dbo].[People] ([PersonID]);,0,1
dbo.ImageInfoSurvey,ALTER TABLE [dbo].[ImageInfoSurvey] WITH CHECK ADD CONSTRAINT [FK_ImageInfoSurvey_people_survey] FOREIGN KEY ([people_surveyId]) REFERENCES [dbo].[people_survey] ([people_surveyId]);,0,1
dbo.InfoPCpeople,ALTER TABLE [dbo].[InfoPCpeople] WITH CHECK ADD CONSTRAINT [FK_infopcpeople_infopc_Personid] FOREIGN KEY ([infopcid]) REFERENCES [dbo].[InfoPC] ([personid]);,0,1
dbo.InfoPCpeople,ALTER TABLE [dbo].[InfoPCpeople] WITH CHECK ADD CONSTRAINT [FK_infopcpeople_people_Personid] FOREIGN KEY ([personid]) REFERENCES [dbo].[People] ([PersonID]);,0,1
dbo.InventoryV2_ActiveLoan,ALTER TABLE [dbo].[InventoryV2_ActiveLoan] WITH CHECK ADD CONSTRAINT [FK_InventoryV2_ActiveLoan_InventoryV2_LoanGroup] FOREIGN KEY ([LoanGroupId]) REFERENCES [dbo].[InventoryV2_LoanGroup] ([LoanGroupId]);,0,0
dbo.InventoryV2_ActiveLoan,ALTER TABLE [dbo].[InventoryV2_ActiveLoan] WITH CHECK ADD CONSTRAINT [FK_InventoryV2_ActiveLoan_InventoryV2_Product] FOREIGN KEY ([ProductUniqueID]) REFERENCES [dbo].[InventoryV2_Product] ([ProductUniqueID]);,0,0
dbo.InventoryV2_AttachedFile,ALTER TABLE [dbo].[InventoryV2_AttachedFile] WITH CHECK ADD CONSTRAINT [FK_InventoryV2_AttachedFile_Inventory_Item] FOREIGN KEY ([ItemID]) REFERENCES [dbo].[InventoryV2_Product] ([ProductUniqueID]) ON DELETE CASCADE;,0,0
dbo.InventoryV2_Category,ALTER TABLE [dbo].[InventoryV2_Category] WITH CHECK ADD CONSTRAINT [FK_InventoryV2_Category_InventoryV2_Catalog] FOREIGN KEY ([CatalogId]) REFERENCES [dbo].[InventoryV2_Catalog] ([CatalogID]);,0,0
dbo.InventoryV2_LoanGroup,ALTER TABLE [dbo].[InventoryV2_LoanGroup] WITH CHECK ADD CONSTRAINT [FK_InventoryV2_LoanGroup_InventoryV2_Location] FOREIGN KEY ([LocationID]) REFERENCES [dbo].[InventoryV2_Location] ([LocationID]) ON DELETE SET NULL;,0,0
dbo.InventoryV2_Product,ALTER TABLE [dbo].[InventoryV2_Product] WITH CHECK ADD CONSTRAINT [FK_InventoryV2_Item_Inventory_GroupItem] FOREIGN KEY ([GroupID]) REFERENCES [dbo].[InventoryV2_ProductGroup] ([ProductGroupID]) ON DELETE SET NULL;,0,0
dbo.InventoryV2_Product,ALTER TABLE [dbo].[InventoryV2_Product] WITH CHECK ADD CONSTRAINT [FK_InventoryV2_Item_Inventory_ItemStatus] FOREIGN KEY ([ProductStatusID]) REFERENCES [dbo].[InventoryV2_ProductStatus] ([ProductStatusID]);,0,0
dbo.InventoryV2_Product,ALTER TABLE [dbo].[InventoryV2_Product] WITH CHECK ADD CONSTRAINT [FK_InventoryV2_Item_Inventory_Location] FOREIGN KEY ([LocationID]) REFERENCES [dbo].[InventoryV2_Location] ([LocationID]) ON DELETE SET NULL;,0,0
dbo.InventoryV2_Product,ALTER TABLE [dbo].[InventoryV2_Product] WITH CHECK ADD CONSTRAINT [FK_InventoryV2_Product_InventoryV2_Category] FOREIGN KEY ([CategoryName]) REFERENCES [dbo].[InventoryV2_Category] ([CategoryName]);,0,0
dbo.InventoryV2_Reservation,ALTER TABLE [dbo].[InventoryV2_Reservation] WITH CHECK ADD CONSTRAINT [FK_InventoryV2_Reservation_InventoryV2_Product] FOREIGN KEY ([ProductUniqueId]) REFERENCES [dbo].[InventoryV2_Product] ([ProductUniqueID]);,0,0
dbo.InventoryV2_Reservation,ALTER TABLE [dbo].[InventoryV2_Reservation] WITH CHECK ADD CONSTRAINT [FK_InventoryV2_Reservation_InventoryV2_ReservationGroup] FOREIGN KEY ([ReservationGroupId]) REFERENCES [dbo].[InventoryV2_ReservationGroup] ([ReservationGroupId]) ON DELETE CASCADE;,0,0
dbo.InventoryV2_Reservation_x_Product,ALTER TABLE [dbo].[InventoryV2_Reservation_x_Product] WITH CHECK ADD CONSTRAINT [FK_InventoryV2_Reservation_x_Item_InventoryV2_Item] FOREIGN KEY ([ProductUniqueID]) REFERENCES [dbo].[InventoryV2_Product] ([ProductUniqueID]);,0,0
dbo.InventoryV2_Reservation_x_Product,ALTER TABLE [dbo].[InventoryV2_Reservation_x_Product] WITH CHECK ADD CONSTRAINT [FK_InventoryV2_Reservation_x_Product_InventoryV2_Reservation] FOREIGN KEY ([ReservationID]) REFERENCES [dbo].[InventoryV2_Reservation] ([ReservationID]) ON DELETE CASCADE;,0,0
dbo.InventoryV2_ReturnedLoan,ALTER TABLE [dbo].[InventoryV2_ReturnedLoan] WITH CHECK ADD CONSTRAINT [FK_InventoryV2_ReturnedLoan_InventoryV2_LoanGroup] FOREIGN KEY ([LoanGroupId]) REFERENCES [dbo].[InventoryV2_LoanGroup] ([LoanGroupId]);,0,0
dbo.InventoryV2_ReturnedLoan,ALTER TABLE [dbo].[InventoryV2_ReturnedLoan] WITH CHECK ADD CONSTRAINT [FK_InventoryV2_ReturnedLoan_InventoryV2_LoanStatus] FOREIGN KEY ([ReturnedStatusID]) REFERENCES [dbo].[InventoryV2_LoanStatus] ([LoanStatusID]);,0,0
dbo.LookupLists,ALTER TABLE [dbo].[LookupLists] WITH CHECK ADD CONSTRAINT [FK_LookupLists_LookupGroups] FOREIGN KEY ([LookupGroupID]) REFERENCES [dbo].[LookupGroups] ([LookupGroupID]);,1,1
dbo.LuCourseDataSyncExtendedData,ALTER TABLE [dbo].[LuCourseDataSyncExtendedData] WITH CHECK ADD CONSTRAINT [FK_LuCourseDataSyncExtendedFields_LuCourseDataSyncExtendedData_controlid] FOREIGN KEY ([ControlId]) REFERENCES [dbo].[LuCourseDataSyncExtendedFields] ([ControlId]);,0,1
dbo.LUCourses,ALTER TABLE [dbo].[LUCourses] WITH CHECK ADD CONSTRAINT [FK_LUCourses_LUCourseData] FOREIGN KEY ([SubjectID]) REFERENCES [dbo].[LUCourseData] ([luCourseDataID]);,1,1
dbo.LUCourses,ALTER TABLE [dbo].[LUCourses] WITH CHECK ADD CONSTRAINT [FK_LUCourses_LUCourseData1] FOREIGN KEY ([InstructorID]) REFERENCES [dbo].[LUCourseData] ([luCourseDataID]);,1,1
dbo.mailbox,ALTER TABLE [dbo].[mailbox] WITH CHECK ADD CONSTRAINT [FK_mailbox_people_frompid] FOREIGN KEY ([frompid]) REFERENCES [dbo].[People] ([PersonID]);,0,1
dbo.mailbox,ALTER TABLE [dbo].[mailbox] WITH CHECK ADD CONSTRAINT [FK_mailbox_people_topid] FOREIGN KEY ([topid]) REFERENCES [dbo].[People] ([PersonID]);,0,1
dbo.mailboxstudentinfo,ALTER TABLE [dbo].[mailboxstudentinfo] WITH CHECK ADD CONSTRAINT [FK_mailboxstudentinfo_mailbox] FOREIGN KEY ([mailid]) REFERENCES [dbo].[mailbox] ([mailid]);,0,1
dbo.mailboxstudentinfo,ALTER TABLE [dbo].[mailboxstudentinfo] WITH CHECK ADD CONSTRAINT [FK_mailboxstudentinfo_personid] FOREIGN KEY ([personid]) REFERENCES [dbo].[People] ([PersonID]);,0,1
dbo.MainInfoAccommodationPS,ALTER TABLE [dbo].[MainInfoAccommodationPS] WITH CHECK ADD CONSTRAINT [FK_MainInfoAccommodationPS_People] FOREIGN KEY ([PersonID]) REFERENCES [dbo].[People] ([PersonID]);,1,1
dbo.MainInfoAN,ALTER TABLE [dbo].[MainInfoAN] WITH CHECK ADD CONSTRAINT [FK_MainInfoAN_DynamicControls] FOREIGN KEY ([ControlID]) REFERENCES [dbo].[DynamicControls] ([ControlID]);,0,0
dbo.MainInfoInstructorPM,ALTER TABLE [dbo].[MainInfoInstructorPM] WITH CHECK ADD CONSTRAINT [FK_Maininfoinstructorpm_exam] FOREIGN KEY ([appointmentid]) REFERENCES [dbo].[Exams] ([examid]);,0,1
dbo.MainInfoOnlineForm,ALTER TABLE [dbo].[MainInfoOnlineForm] WITH CHECK ADD CONSTRAINT [FK_MainInfoOnlineForm_people_onlineform] FOREIGN KEY ([people_onlineFormId]) REFERENCES [dbo].[people_onlineform] ([people_onlineFormId]);,0,1
dbo.MainInfoPA,ALTER TABLE [dbo].[MainInfoPA] WITH CHECK ADD CONSTRAINT [FK_MainInfoPA_DynamicControls] FOREIGN KEY ([controlID]) REFERENCES [dbo].[DynamicControls] ([ControlID]);,1,1
dbo.MainInfoPA,ALTER TABLE [dbo].[MainInfoPA] WITH CHECK ADD CONSTRAINT [FK_MainInfoPA_People] FOREIGN KEY ([personID]) REFERENCES [dbo].[People] ([PersonID]);,1,1
dbo.MainInfoPC,ALTER TABLE [dbo].[MainInfoPC] WITH CHECK ADD CONSTRAINT [FK_maininfopc_DynamicControls_ControlId] FOREIGN KEY ([controlid]) REFERENCES [dbo].[DynamicControls] ([ControlID]);,0,1
dbo.MainInfoPC,ALTER TABLE [dbo].[MainInfoPC] WITH CHECK ADD CONSTRAINT [FK_maininfopc_infopc_Personid] FOREIGN KEY ([personid]) REFERENCES [dbo].[InfoPC] ([personid]);,0,1
dbo.MainInfoPJA,ALTER TABLE [dbo].[MainInfoPJA] WITH CHECK ADD CONSTRAINT [FK_MainInfoPJA_Appointments] FOREIGN KEY ([appointmentID]) REFERENCES [dbo].[Appointments] ([AppointmentID]);,1,1
dbo.MainInfoPJA,ALTER TABLE [dbo].[MainInfoPJA] WITH CHECK ADD CONSTRAINT [FK_MainInfoPJA_DynamicControls] FOREIGN KEY ([controlID]) REFERENCES [dbo].[DynamicControls] ([ControlID]);,1,1
dbo.MainInfoPJA,ALTER TABLE [dbo].[MainInfoPJA] WITH CHECK ADD CONSTRAINT [FK_MainInfoPJA_People] FOREIGN KEY ([personID]) REFERENCES [dbo].[People] ([PersonID]);,0,0
dbo.MainInfoPM,ALTER TABLE [dbo].[MainInfoPM] WITH CHECK ADD CONSTRAINT [FK_maininfopm_DynamicControls_ControlId] FOREIGN KEY ([controlid]) REFERENCES [dbo].[DynamicControls] ([ControlID]);,0,1
dbo.MainInfoPM,ALTER TABLE [dbo].[MainInfoPM] WITH CHECK ADD CONSTRAINT [FK_maininfopm_infopm] FOREIGN KEY ([appointmentid]) REFERENCES [dbo].[InfoPM] ([appointmentid]);,0,1
dbo.MainInfoPM,ALTER TABLE [dbo].[MainInfoPM] WITH CHECK ADD CONSTRAINT [FK_maininfopm_People_Personid] FOREIGN KEY ([personid]) REFERENCES [dbo].[People] ([PersonID]);,0,1
dbo.MainInfoPS,ALTER TABLE [dbo].[MainInfoPS] WITH CHECK ADD CONSTRAINT [FK_MainInfoPS_DynamicControls] FOREIGN KEY ([ControlID]) REFERENCES [dbo].[DynamicControls] ([ControlID]);,1,1
dbo.MainInfoPS,ALTER TABLE [dbo].[MainInfoPS] WITH CHECK ADD CONSTRAINT [FK_MainInfoPS_People] FOREIGN KEY ([PersonID]) REFERENCES [dbo].[People] ([PersonID]);,0,0
dbo.MainInfoSurvey,ALTER TABLE [dbo].[MainInfoSurvey] WITH CHECK ADD CONSTRAINT [FK_MainInfoSurvey_people_survey] FOREIGN KEY ([people_surveyId]) REFERENCES [dbo].[people_survey] ([people_surveyId]);,0,1
dbo.NotetakeeInfo,ALTER TABLE [dbo].[NotetakeeInfo] WITH CHECK ADD CONSTRAINT [FK_NotetakeeInfo_NotetakeeStatus] FOREIGN KEY ([notetakeeStatusID]) REFERENCES [dbo].[NotetakeeStatus] ([notetakeeStatusID]);,1,1
dbo.NotetakerCourses,ALTER TABLE [dbo].[NotetakerCourses] WITH CHECK ADD CONSTRAINT [FK_NotetakerCourses_LUCourses] FOREIGN KEY ([lucourseID]) REFERENCES [dbo].[LUCourses] ([LUCourseID]);,1,1
dbo.NotetakerCourses,ALTER TABLE [dbo].[NotetakerCourses] WITH CHECK ADD CONSTRAINT [FK_NotetakerCourses_Notetakers] FOREIGN KEY ([notetakerID]) REFERENCES [dbo].[Notetakers] ([NotetakerID]);,1,1
dbo.NotetakerCourses,ALTER TABLE [dbo].[NotetakerCourses] WITH CHECK ADD CONSTRAINT [FK_NotetakerCourses_People] FOREIGN KEY ([whoAdded]) REFERENCES [dbo].[People] ([PersonID]);,1,1
dbo.Notetakers,ALTER TABLE [dbo].[Notetakers] WITH CHECK ADD CONSTRAINT [FK_Notetakers_notetakers_extended] FOREIGN KEY ([NotetakerID]) REFERENCES [dbo].[notetakers_extended] ([notetakerid]);,0,0
dbo.Notetakers,ALTER TABLE [dbo].[Notetakers] WITH CHECK ADD CONSTRAINT [FK_Notetakers_NotetakerStatus] FOREIGN KEY ([status]) REFERENCES [dbo].[NotetakerStatus] ([NotetakerStatusID]);,1,1
dbo.notetaking2_notetakerapplications,ALTER TABLE [dbo].[notetaking2_notetakerapplications] WITH CHECK ADD CONSTRAINT [FK_notetaking2_notetakerapplications_LUCourses] FOREIGN KEY ([lucourseid]) REFERENCES [dbo].[LUCourses] ([LUCourseID]);,0,0
dbo.notetaking2_notetakerapplications,ALTER TABLE [dbo].[notetaking2_notetakerapplications] WITH CHECK ADD CONSTRAINT [FK_notetaking2_notetakerapplications_notetaking2_notetakerspeople] FOREIGN KEY ([notetakerid]) REFERENCES [dbo].[notetaking2_notetakerspeople] ([notetakerid]);,0,0
dbo.notetaking2_notetakernotetakeematching,ALTER TABLE [dbo].[notetaking2_notetakernotetakeematching] WITH CHECK ADD CONSTRAINT [FK_notetaking2_notetakernotetakeematching_fundingsources] FOREIGN KEY ([fundingsourceid]) REFERENCES [dbo].[fundingsources] ([fundingsourceid]);,0,0
dbo.notetaking2_notetakernotetakeematching,ALTER TABLE [dbo].[notetaking2_notetakernotetakeematching] WITH CHECK ADD CONSTRAINT [FK_notetaking2_notetakernotetakeematching_LUCourses] FOREIGN KEY ([lucourseid]) REFERENCES [dbo].[LUCourses] ([LUCourseID]);,0,0
dbo.notetaking2_notetakernotetakeematching,ALTER TABLE [dbo].[notetaking2_notetakernotetakeematching] WITH CHECK ADD CONSTRAINT [FK_notetaking2_notetakernotetakeematching_notetaking2_matchingstatus] FOREIGN KEY ([matchingstatusid]) REFERENCES [dbo].[notetaking2_matchingstatus] ([matchingstatusid]);,0,0
dbo.notetaking2_notetakernotetakeematching,ALTER TABLE [dbo].[notetaking2_notetakernotetakeematching] WITH CHECK ADD CONSTRAINT [FK_notetaking2_notetakernotetakeematching_notetaking2_notetakerspeople] FOREIGN KEY ([notetakerid]) REFERENCES [dbo].[notetaking2_notetakerspeople] ([notetakerid]);,0,0
dbo.notetaking2_notetakernotetakeematching,ALTER TABLE [dbo].[notetaking2_notetakernotetakeematching] WITH CHECK ADD CONSTRAINT [FK_notetaking2_notetakernotetakeematching_People] FOREIGN KEY ([whoassigned]) REFERENCES [dbo].[People] ([PersonID]);,0,0
dbo.notetaking2_notetakersdatetimeinfops,ALTER TABLE [dbo].[notetaking2_notetakersdatetimeinfops] WITH CHECK ADD CONSTRAINT [FK_notetakersdatetimeinfops_dynamiccontrols_controlid] FOREIGN KEY ([ControlID]) REFERENCES [dbo].[DynamicControls] ([ControlID]);,0,0
dbo.notetaking2_notetakersdatetimeinfops,ALTER TABLE [dbo].[notetaking2_notetakersdatetimeinfops] WITH CHECK ADD CONSTRAINT [FK_notetakersdatetimeinfops_notetakerspeople_personid_notetakerid] FOREIGN KEY ([PersonID]) REFERENCES [dbo].[notetaking2_notetakerspeople] ([notetakerid]);,0,0
dbo.notetaking2_notetakersmaininfops,ALTER TABLE [dbo].[notetaking2_notetakersmaininfops] WITH CHECK ADD CONSTRAINT [FK_noteakersmaininfo_dynamiccourses_controlid] FOREIGN KEY ([ControlID]) REFERENCES [dbo].[DynamicControls] ([ControlID]);,0,0
dbo.notetaking2_notetakersmaininfops,ALTER TABLE [dbo].[notetaking2_notetakersmaininfops] WITH CHECK ADD CONSTRAINT [FK_notetakersmaininfops_notetakerspeople_personid_notetakerid] FOREIGN KEY ([PersonID]) REFERENCES [dbo].[notetaking2_notetakerspeople] ([notetakerid]);,0,0
dbo.notetaking2_notetakersotherinfops,ALTER TABLE [dbo].[notetaking2_notetakersotherinfops] WITH CHECK ADD CONSTRAINT [FK_notetakersotherinfops_dynamiccontrols_controlid] FOREIGN KEY ([ControlID]) REFERENCES [dbo].[DynamicControls] ([ControlID]);,0,0
dbo.notetaking2_notetakersotherinfops,ALTER TABLE [dbo].[notetaking2_notetakersotherinfops] WITH CHECK ADD CONSTRAINT [FK_notetakersotherinfops_notetakerspeople_personid_notetakerid] FOREIGN KEY ([PersonID]) REFERENCES [dbo].[notetaking2_notetakerspeople] ([notetakerid]);,0,0
dbo.notetaking2_notetakerspeople,ALTER TABLE [dbo].[notetaking2_notetakerspeople] WITH CHECK ADD CONSTRAINT [FK_notetaking2_notetakerspeople_notetaking2_notetakingtypes] FOREIGN KEY ([notetakingtypeid]) REFERENCES [dbo].[notetaking2_notetakingtypes] ([notetakingtypeid]);,0,0
dbo.notetaking2_notetakerspeople,ALTER TABLE [dbo].[notetaking2_notetakerspeople] WITH CHECK ADD CONSTRAINT [FK_people_notetaking2_notetakingtypes_notetakingtypeid_personid_whoadded] FOREIGN KEY ([whoadded]) REFERENCES [dbo].[People] ([PersonID]);,0,0
dbo.notetaking2_notetakinghistory,ALTER TABLE [dbo].[notetaking2_notetakinghistory] WITH CHECK ADD CONSTRAINT [FK_notetaking2_notetakinghistory_LUCourseData] FOREIGN KEY ([instructorid]) REFERENCES [dbo].[LUCourseData] ([luCourseDataID]);,0,0
dbo.notetaking2_notetakinghistory,ALTER TABLE [dbo].[notetaking2_notetakinghistory] WITH CHECK ADD CONSTRAINT [FK_notetaking2_notetakinghistory_LUCourses] FOREIGN KEY ([lucourseid]) REFERENCES [dbo].[LUCourses] ([LUCourseID]);,0,0
dbo.notetaking2_notetakinghistory,ALTER TABLE [dbo].[notetaking2_notetakinghistory] WITH CHECK ADD CONSTRAINT [FK_notetaking2_notetakinghistory_notetaking2_notetakinghistorystatus] FOREIGN KEY ([notetakinghistorystatusid]) REFERENCES [dbo].[notetaking2_notetakinghistorystatus] ([notetakinghistorystatusid]);,0,0
dbo.notetaking2_notetakinghistory,ALTER TABLE [dbo].[notetaking2_notetakinghistory] WITH CHECK ADD CONSTRAINT [FK_notetaking2_notetakinghistory_People1] FOREIGN KEY ([whoentered]) REFERENCES [dbo].[People] ([PersonID]);,0,0
dbo.notetaking2_notetakinghistorydata,ALTER TABLE [dbo].[notetaking2_notetakinghistorydata] WITH CHECK ADD CONSTRAINT [FK_notetaking2_notetakinghistorydata_notetaking2_notetakinghistory] FOREIGN KEY ([historyid]) REFERENCES [dbo].[notetaking2_notetakinghistory] ([historyid]);,0,0
dbo.OnlineAppBookingAppTypeCounsellorMatching,ALTER TABLE [dbo].[OnlineAppBookingAppTypeCounsellorMatching] WITH CHECK ADD CONSTRAINT [FK_OnlineAppBookingAppTypeCounsellorMatching_AppointmentTypes] FOREIGN KEY ([apptypeid]) REFERENCES [dbo].[AppointmentTypes] ([AppTypeID]);,1,1
dbo.OnlineAppBookingAppTypeCounsellorMatching,ALTER TABLE [dbo].[OnlineAppBookingAppTypeCounsellorMatching] WITH CHECK ADD CONSTRAINT [FK_OnlineAppBookingAppTypeCounsellorMatching_People] FOREIGN KEY ([personid]) REFERENCES [dbo].[People] ([PersonID]);,1,1
dbo.OtherInfoAccommodationPS,ALTER TABLE [dbo].[OtherInfoAccommodationPS] WITH CHECK ADD CONSTRAINT [FK_OtherInfoAccommodationPS_People] FOREIGN KEY ([personID]) REFERENCES [dbo].[People] ([PersonID]);,1,1
dbo.OtherInfoAN,ALTER TABLE [dbo].[OtherInfoAN] WITH CHECK ADD CONSTRAINT [FK_OtherInfoAN_DynamicControls] FOREIGN KEY ([ControlID]) REFERENCES [dbo].[DynamicControls] ([ControlID]);,0,0
dbo.OtherInfoInstructorPM,ALTER TABLE [dbo].[OtherInfoInstructorPM] WITH CHECK ADD CONSTRAINT [FK_otherinfoinstructorpm_exam] FOREIGN KEY ([appointmentid]) REFERENCES [dbo].[Exams] ([examid]);,0,1
dbo.OtherInfoOnlineForm,ALTER TABLE [dbo].[OtherInfoOnlineForm] WITH CHECK ADD CONSTRAINT [FK_OtherInfoOnlineForm_people_onlineform] FOREIGN KEY ([people_onlineFormId]) REFERENCES [dbo].[people_onlineform] ([people_onlineFormId]);,0,1
dbo.OtherInfoPA,ALTER TABLE [dbo].[OtherInfoPA] WITH CHECK ADD CONSTRAINT [FK_OtherInfoPA_People] FOREIGN KEY ([personID]) REFERENCES [dbo].[People] ([PersonID]);,1,1
dbo.OtherInfoPC,ALTER TABLE [dbo].[OtherInfoPC] WITH CHECK ADD CONSTRAINT [FK_otherinfopc_DynamicControls_ControlId] FOREIGN KEY ([controlid]) REFERENCES [dbo].[DynamicControls] ([ControlID]);,0,1
dbo.OtherInfoPC,ALTER TABLE [dbo].[OtherInfoPC] WITH CHECK ADD CONSTRAINT [FK_otherinfopc_infopc_Personid] FOREIGN KEY ([personid]) REFERENCES [dbo].[InfoPC] ([personid]);,0,1
dbo.OtherInfoPJA,ALTER TABLE [dbo].[OtherInfoPJA] WITH CHECK ADD CONSTRAINT [FK_OtherInfoPJA_Appointments] FOREIGN KEY ([appointmentID]) REFERENCES [dbo].[Appointments] ([AppointmentID]);,0,0
dbo.OtherInfoPJA,ALTER TABLE [dbo].[OtherInfoPJA] WITH CHECK ADD CONSTRAINT [FK_OtherInfoPJA_DynamicControls] FOREIGN KEY ([ControlID]) REFERENCES [dbo].[DynamicControls] ([ControlID]);,0,0
dbo.OtherInfoPJA,ALTER TABLE [dbo].[OtherInfoPJA] WITH CHECK ADD CONSTRAINT [FK_OtherInfoPJA_People] FOREIGN KEY ([personID]) REFERENCES [dbo].[People] ([PersonID]);,0,0
dbo.OtherInfoPM,ALTER TABLE [dbo].[OtherInfoPM] WITH CHECK ADD CONSTRAINT [FK_otherinfopm_DynamicControls_ControlId] FOREIGN KEY ([controlid]) REFERENCES [dbo].[DynamicControls] ([ControlID]);,0,1
dbo.OtherInfoPM,ALTER TABLE [dbo].[OtherInfoPM] WITH CHECK ADD CONSTRAINT [FK_otherinfopm_infopm] FOREIGN KEY ([appointmentid]) REFERENCES [dbo].[InfoPM] ([appointmentid]);,0,1
dbo.OtherInfoPM,ALTER TABLE [dbo].[OtherInfoPM] WITH CHECK ADD CONSTRAINT [FK_otherinfopm_People_Personid] FOREIGN KEY ([personid]) REFERENCES [dbo].[People] ([PersonID]);,0,1
dbo.OtherInfoPS,ALTER TABLE [dbo].[OtherInfoPS] WITH CHECK ADD CONSTRAINT [FK_OtherInfoPS_DynamicControls] FOREIGN KEY ([ControlID]) REFERENCES [dbo].[DynamicControls] ([ControlID]);,1,1
dbo.OtherInfoSurvey,ALTER TABLE [dbo].[OtherInfoSurvey] WITH CHECK ADD CONSTRAINT [FK_OtherInfoSurvey_people_survey] FOREIGN KEY ([people_surveyId]) REFERENCES [dbo].[people_survey] ([people_surveyId]);,0,1
dbo.People,ALTER TABLE [dbo].[People] WITH CHECK ADD CONSTRAINT [FK_People_NotetakeeInfo] FOREIGN KEY ([PersonID]) REFERENCES [dbo].[NotetakeeInfo] ([PersonID]);,1,1
dbo.people_onlineform,ALTER TABLE [dbo].[people_onlineform] WITH CHECK ADD CONSTRAINT [FK_people_onlineform_people_onlineform_status_PeopleOnlineFormStatusId] FOREIGN KEY ([FK_PeopleOnlineFormStatusId]) REFERENCES [dbo].[people_onlineform_status] ([PeopleOnlineFormStatusId]);,0,1
dbo.people_survey,ALTER TABLE [dbo].[people_survey] WITH CHECK ADD CONSTRAINT [FK_people_survey_people_survey_status_PeopleSurveyStatusId] FOREIGN KEY ([FK_PeopleSurveyStatusId]) REFERENCES [dbo].[people_survey_status] ([PeopleSurveyStatusId]);,0,1
dbo.PeopleDatesAdded,ALTER TABLE [dbo].[PeopleDatesAdded] WITH CHECK ADD CONSTRAINT [FK_PeopleDatesAdded_People] FOREIGN KEY ([personID]) REFERENCES [dbo].[People] ([PersonID]);,1,1
dbo.PeopleDatesAdded,ALTER TABLE [dbo].[PeopleDatesAdded] WITH CHECK ADD CONSTRAINT [FK_PeopleDatesAdded_People1] FOREIGN KEY ([whoAdded]) REFERENCES [dbo].[People] ([PersonID]);,1,1
dbo.PeopleGroups,ALTER TABLE [dbo].[PeopleGroups] WITH CHECK ADD CONSTRAINT [FK_PeopleGroups_Groups] FOREIGN KEY ([GroupID]) REFERENCES [dbo].[Groups] ([GroupID]);,1,1
dbo.PeopleGroups,ALTER TABLE [dbo].[PeopleGroups] WITH CHECK ADD CONSTRAINT [FK_PeopleGroups_People] FOREIGN KEY ([PersonID]) REFERENCES [dbo].[People] ([PersonID]);,0,0
dbo.PeopleGroupsCustom,ALTER TABLE [dbo].[PeopleGroupsCustom] WITH CHECK ADD CONSTRAINT [FK_GroupsCustom_PeopleGroupsCustom_groupid] FOREIGN KEY ([groupid]) REFERENCES [dbo].[GroupsCustom] ([groupid]);,0,1
dbo.PeoplePreviousYears,ALTER TABLE [dbo].[PeoplePreviousYears] WITH CHECK ADD CONSTRAINT [FK_PeoplePreviousYears_People] FOREIGN KEY ([personid]) REFERENCES [dbo].[People] ([PersonID]);,1,1
dbo.PeopleVirtualMeetingsExternalId,ALTER TABLE [dbo].[PeopleVirtualMeetingsExternalId] WITH CHECK ADD CONSTRAINT [FK_vm_personid_personid] FOREIGN KEY ([FK_PersonId]) REFERENCES [dbo].[People] ([PersonID]);,0,1
dbo.Permissions,ALTER TABLE [dbo].[Permissions] WITH CHECK ADD CONSTRAINT [FK_Permissions_People] FOREIGN KEY ([personID]) REFERENCES [dbo].[People] ([PersonID]);,1,1
dbo.PermissionsGroups,ALTER TABLE [dbo].[PermissionsGroups] WITH CHECK ADD CONSTRAINT [FK_PermissionsGroups_Groups] FOREIGN KEY ([groupID]) REFERENCES [dbo].[Groups] ([GroupID]);,1,1
dbo.RecurringSchedule,ALTER TABLE [dbo].[RecurringSchedule] WITH CHECK ADD CONSTRAINT [FK_RecurringSchedule_People] FOREIGN KEY ([personID]) REFERENCES [dbo].[People] ([PersonID]);,1,1
dbo.Referral,ALTER TABLE [dbo].[Referral] WITH CHECK ADD CONSTRAINT [FK_Referral_People] FOREIGN KEY ([personid]) REFERENCES [dbo].[People] ([PersonID]);,0,0
dbo.Referral,ALTER TABLE [dbo].[Referral] WITH CHECK ADD CONSTRAINT [FK_Referral_People1] FOREIGN KEY ([frompersonid]) REFERENCES [dbo].[People] ([PersonID]);,0,0
dbo.Referral,ALTER TABLE [dbo].[Referral] WITH CHECK ADD CONSTRAINT [FK_Referral_People2] FOREIGN KEY ([topersonid]) REFERENCES [dbo].[People] ([PersonID]);,0,0
dbo.referralpermission,ALTER TABLE [dbo].[referralpermission] WITH CHECK ADD CONSTRAINT [FK_referralpermission_People] FOREIGN KEY ([personid]) REFERENCES [dbo].[People] ([PersonID]);,0,0
dbo.referralpermission,ALTER TABLE [dbo].[referralpermission] WITH CHECK ADD CONSTRAINT [FK_referralpermission_People1] FOREIGN KEY ([fromcounsellorpid]) REFERENCES [dbo].[People] ([PersonID]);,0,0
dbo.referralpermission,ALTER TABLE [dbo].[referralpermission] WITH CHECK ADD CONSTRAINT [FK_referralpermission_People2] FOREIGN KEY ([tocounsellorpid]) REFERENCES [dbo].[People] ([PersonID]);,0,0
dbo.referralpermission,ALTER TABLE [dbo].[referralpermission] WITH CHECK ADD CONSTRAINT [FK_referralpermission_Screens] FOREIGN KEY ([screennum]) REFERENCES [dbo].[Screens] ([ScreenNum]);,0,0
dbo.ScreenData,ALTER TABLE [dbo].[ScreenData] WITH CHECK ADD CONSTRAINT [FK_ScreenData_Screens1] FOREIGN KEY ([ScreenNum]) REFERENCES [dbo].[Screens] ([ScreenNum]);,1,1
dbo.SearchDynamicScreenControls,ALTER TABLE [dbo].[SearchDynamicScreenControls] WITH CHECK ADD CONSTRAINT [FK_SearchDynamicScreenControls_SearchDynamicControls] FOREIGN KEY ([controlID]) REFERENCES [dbo].[SearchDynamicControls] ([ControlID]);,1,1
dbo.SearchDynamicScreenControls,ALTER TABLE [dbo].[SearchDynamicScreenControls] WITH CHECK ADD CONSTRAINT [FK_SearchDynamicScreenControls_SearchDynamicScreens] FOREIGN KEY ([screenNum]) REFERENCES [dbo].[SearchDynamicScreens] ([screenNum]);,1,1
dbo.SearchEngine_Parameters,ALTER TABLE [dbo].[SearchEngine_Parameters] WITH CHECK ADD CONSTRAINT [FK_Inventory_SearchParameters_Inventory_Search] FOREIGN KEY ([SearchID]) REFERENCES [dbo].[SearchEngine_Search] ([ID]);,0,0
dbo.SearchEngine_Search,ALTER TABLE [dbo].[SearchEngine_Search] WITH CHECK ADD CONSTRAINT [FK_Inventory_Search_Inventory_SearchGroup] FOREIGN KEY ([GroupID]) REFERENCES [dbo].[SearchEngine_Group] ([ID]);,0,0
dbo.SearchFunctions,ALTER TABLE [dbo].[SearchFunctions] WITH CHECK ADD CONSTRAINT [FK_SearchFunctions_SearchFunctionCodes] FOREIGN KEY ([FunctionCode]) REFERENCES [dbo].[SearchFunctionCodes] ([FunctionCode]);,1,1
dbo.SearchFunctions,ALTER TABLE [dbo].[SearchFunctions] WITH CHECK ADD CONSTRAINT [FK_SearchFunctions_SearchInfo] FOREIGN KEY ([SearchInfoID]) REFERENCES [dbo].[SearchInfo] ([SearchInfoID]);,1,1
dbo.SearchInfo,ALTER TABLE [dbo].[SearchInfo] WITH CHECK ADD CONSTRAINT [FK_SearchInfo_SearchChartInfo] FOREIGN KEY ([searchChartInfoID]) REFERENCES [dbo].[SearchChartInfo] ([SearchChartInfoID]);,1,1
dbo.SearchInfo,ALTER TABLE [dbo].[SearchInfo] WITH CHECK ADD CONSTRAINT [FK_SearchInfo_SearchGroupInfo] FOREIGN KEY ([SearchGroupID]) REFERENCES [dbo].[SearchGroupInfo] ([SearchGroupInfoID]);,1,1
dbo.SearchPermissions,ALTER TABLE [dbo].[SearchPermissions] WITH CHECK ADD CONSTRAINT [FK_SearchPermissions_Groups] FOREIGN KEY ([groupID]) REFERENCES [dbo].[Groups] ([GroupID]);,1,1
dbo.ServiceProviderRequests,ALTER TABLE [dbo].[ServiceProviderRequests] WITH CHECK ADD CONSTRAINT [FK_ServiceProviderRequests_ServiceProviders_ServiceProviderId] FOREIGN KEY ([ServiceProviderId]) REFERENCES [dbo].[ServiceProviders] ([ServiceProviderId]);,0,1
dbo.serviceproviderrequestshistory,ALTER TABLE [dbo].[serviceproviderrequestshistory] WITH CHECK ADD CONSTRAINT [FK_serviceproviderrequestshistory_lucourses_lucourseid] FOREIGN KEY ([lucourseid]) REFERENCES [dbo].[LUCourses] ([LUCourseID]);,0,1
dbo.serviceproviderrequestshistory,ALTER TABLE [dbo].[serviceproviderrequestshistory] WITH CHECK ADD CONSTRAINT [FK_serviceproviderrequestshistory_serviceproviders_serviceproviderid] FOREIGN KEY ([ServiceProviderId]) REFERENCES [dbo].[ServiceProviders] ([ServiceProviderId]);,0,1
dbo.Settings,ALTER TABLE [dbo].[Settings] WITH CHECK ADD CONSTRAINT [FK_Settings_People] FOREIGN KEY ([personID]) REFERENCES [dbo].[People] ([PersonID]);,1,1
dbo.SettingsGroups,ALTER TABLE [dbo].[SettingsGroups] WITH CHECK ADD CONSTRAINT [FK_SettingsGroups_Groups] FOREIGN KEY ([groupID]) REFERENCES [dbo].[Groups] ([GroupID]);,1,1
dbo.Student_ConfidentialityAgreement,ALTER TABLE [dbo].[Student_ConfidentialityAgreement] WITH CHECK ADD CONSTRAINT [FK_AlternativeFormat_StudentConfidentilityAgreement_People] FOREIGN KEY ([PersonId]) REFERENCES [dbo].[People] ([PersonID]) ON DELETE CASCADE;,0,0
dbo.StudentCourseAccommodationModificationRequestItem,ALTER TABLE [dbo].[StudentCourseAccommodationModificationRequestItem] WITH CHECK ADD CONSTRAINT [FK_StudentCourseAccommodationModificationRequestItem_StudentCourseAccommodationRequest_StudentCourseAccommodationRequestId] FOREIGN KEY ([StudentCourseAccommodationRequestId]) REFERENCES [dbo].[StudentCourseAccommodationRequest] ([StudentCourseAccommodationRequestId]);,0,1
dbo.StudentFileTasks_task,ALTER TABLE [dbo].[StudentFileTasks_task] WITH CHECK ADD CONSTRAINT [FK_task_completed] FOREIGN KEY ([completedid]) REFERENCES [dbo].[StudentFileTasks_completed] ([completedid]);,0,1
dbo.TaskGroups,ALTER TABLE [dbo].[TaskGroups] WITH CHECK ADD CONSTRAINT [FK_TaskGroups_People] FOREIGN KEY ([personID]) REFERENCES [dbo].[People] ([PersonID]);,1,1
dbo.Tasks,ALTER TABLE [dbo].[Tasks] WITH CHECK ADD CONSTRAINT [FK_Tasks_People] FOREIGN KEY ([personID]) REFERENCES [dbo].[People] ([PersonID]);,1,1
dbo.Tasks,ALTER TABLE [dbo].[Tasks] WITH CHECK ADD CONSTRAINT [FK_Tasks_TaskGroups] FOREIGN KEY ([taskGroupID]) REFERENCES [dbo].[TaskGroups] ([TaskGroupID]);,1,1
dbo.TestBooking_Cancellation,ALTER TABLE [dbo].[TestBooking_Cancellation] WITH CHECK ADD CONSTRAINT [FK_TestBooking_Cancellation_TestBooking_TestRequestBooked] FOREIGN KEY ([BookingID]) REFERENCES [dbo].[TestBooking_TestRequestBooked] ([BookingID]);,0,0
dbo.TestBooking_Student_External,ALTER TABLE [dbo].[TestBooking_Student_External] WITH CHECK ADD CONSTRAINT [FK_TestBooking_Student_External_TestBooking_Student] FOREIGN KEY ([studentid]) REFERENCES [dbo].[TestBooking_Student] ([id]);,0,0
dbo.TestBooking_TestRequest,ALTER TABLE [dbo].[TestBooking_TestRequest] WITH CHECK ADD CONSTRAINT [FK_TestBooking_TestRequest_TestBooking_Student] FOREIGN KEY ([StudentID]) REFERENCES [dbo].[TestBooking_Student] ([id]);,0,0
dbo.TestBooking_TestRequestBooked,ALTER TABLE [dbo].[TestBooking_TestRequestBooked] WITH CHECK ADD CONSTRAINT [FK_TestBooking_TestRequestBooked_Appointments] FOREIGN KEY ([RoomAppID]) REFERENCES [dbo].[Appointments] ([AppointmentID]);,0,0
dbo.timetable,ALTER TABLE [dbo].[timetable] WITH CHECK ADD CONSTRAINT [FK_timetable_lucourses] FOREIGN KEY ([lucourseid]) REFERENCES [dbo].[LUCourses] ([LUCourseID]);,0,1
dbo.userinfo,ALTER TABLE [dbo].[userinfo] WITH CHECK ADD CONSTRAINT [FK_userinfo_People] FOREIGN KEY ([personid]) REFERENCES [dbo].[People] ([PersonID]);,0,0
dbo.web_counsellingbooking_studentallowedapptypes,ALTER TABLE [dbo].[web_counsellingbooking_studentallowedapptypes] WITH CHECK ADD CONSTRAINT [FK_web_counsellingbooking_studentallowedapptypes_AppointmentTypes] FOREIGN KEY ([apptypeid]) REFERENCES [dbo].[AppointmentTypes] ([AppTypeID]);,1,1
dbo.web_counsellingbooking_studentallowedapptypes,ALTER TABLE [dbo].[web_counsellingbooking_studentallowedapptypes] WITH CHECK ADD CONSTRAINT [FK_web_counsellingbooking_studentallowedapptypes_People] FOREIGN KEY ([counsellorpid]) REFERENCES [dbo].[People] ([PersonID]);,1,1
dbo.web_counsellingbooking_studentallowedapptypes,ALTER TABLE [dbo].[web_counsellingbooking_studentallowedapptypes] WITH CHECK ADD CONSTRAINT [FK_web_counsellingbooking_studentallowedapptypes_People1] FOREIGN KEY ([personid]) REFERENCES [dbo].[People] ([PersonID]);,1,1
dbo.web_counsellingbooking_studentallowedcounsellors,ALTER TABLE [dbo].[web_counsellingbooking_studentallowedcounsellors] WITH CHECK ADD CONSTRAINT [FK_web_counsellingbooking_studentallowedcounsellors_People] FOREIGN KEY ([counsellorpid]) REFERENCES [dbo].[People] ([PersonID]);,1,1
dbo.web_counsellingbooking_studentallowedcounsellors,ALTER TABLE [dbo].[web_counsellingbooking_studentallowedcounsellors] WITH CHECK ADD CONSTRAINT [FK_web_counsellingbooking_studentallowedcounsellors_People1] FOREIGN KEY ([personid]) REFERENCES [dbo].[People] ([PersonID]);,1,1
dbo.web_counsellingbooking_studentsettings,ALTER TABLE [dbo].[web_counsellingbooking_studentsettings] WITH CHECK ADD CONSTRAINT [FK_web_counsellingbooking_studentsettings_People] FOREIGN KEY ([counsellorpid]) REFERENCES [dbo].[People] ([PersonID]);,1,1
dbo.web_counsellingbooking_studentsettings,ALTER TABLE [dbo].[web_counsellingbooking_studentsettings] WITH CHECK ADD CONSTRAINT [FK_web_counsellingbooking_studentsettings_People1] FOREIGN KEY ([personid]) REFERENCES [dbo].[People] ([PersonID]);,1,1
dbo.WorkshopFeesPaid,ALTER TABLE [dbo].[WorkshopFeesPaid] WITH CHECK ADD CONSTRAINT [FK_WorkshopFeesPaid_Appointments] FOREIGN KEY ([AppointmentID]) REFERENCES [dbo].[Appointments] ([AppointmentID]);,1,1
dbo.WorkshopFeesPaid,ALTER TABLE [dbo].[WorkshopFeesPaid] WITH CHECK ADD CONSTRAINT [FK_WorkshopFeesPaid_PaymentMethods] FOREIGN KEY ([howPaid]) REFERENCES [dbo].[PaymentMethods] ([PaymentMethodID]);,1,1
dbo.WorkshopFeesPaid,ALTER TABLE [dbo].[WorkshopFeesPaid] WITH CHECK ADD CONSTRAINT [FK_WorkshopFeesPaid_People] FOREIGN KEY ([personID]) REFERENCES [dbo].[People] ([PersonID]);,1,1
dbo.WorkshopFeesPaid,ALTER TABLE [dbo].[WorkshopFeesPaid] WITH CHECK ADD CONSTRAINT [FK_WorkshopFeesPaid_People1] FOREIGN KEY ([whoCollected]) REFERENCES [dbo].[People] ([PersonID]);,1,1
dbo.WorkshopFeesPaid,ALTER TABLE [dbo].[WorkshopFeesPaid] WITH CHECK ADD CONSTRAINT [FK_WorkshopFeesPaid_Workshops] FOREIGN KEY ([WorkshopID]) REFERENCES [dbo].[Workshops] ([WorkshopID]);,1,1
dbo.Workshops_purpose,ALTER TABLE [dbo].[Workshops_purpose] WITH CHECK ADD CONSTRAINT [FK_Workshops_purpose_Workshops] FOREIGN KEY ([WorkshopID]) REFERENCES [dbo].[Workshops] ([WorkshopID]);,1,1
dbo.Workshops_purpose,ALTER TABLE [dbo].[Workshops_purpose] WITH CHECK ADD CONSTRAINT [FK_Workshops_purpose_Workshops_purpose_lookup] FOREIGN KEY ([Workshops_purpose_lookupID]) REFERENCES [dbo].[Workshops_purpose_lookup] ([Workshops_purpose_lookupID]);,1,1
dbo.Workshops_target,ALTER TABLE [dbo].[Workshops_target] WITH CHECK ADD CONSTRAINT [FK_Workshops_target_Workshops] FOREIGN KEY ([WorkshopsID]) REFERENCES [dbo].[Workshops] ([WorkshopID]);,1,1
dbo.Workshops_target,ALTER TABLE [dbo].[Workshops_target] WITH CHECK ADD CONSTRAINT [FK_Workshops_target_Workshops_target_lookup] FOREIGN KEY ([Workshops_target_lookupID]) REFERENCES [dbo].[Workshops_target_lookup] ([Workshops_target_lookupID]);,1,1
HangFire.JobParameter,ALTER TABLE [HangFire].[JobParameter] WITH CHECK ADD CONSTRAINT [FK_HangFire_JobParameter_Job] FOREIGN KEY ([JobId]) REFERENCES [HangFire].[Job] ([Id]) ON DELETE CASCADE ON UPDATE CASCADE;,0,0
HangFire.State,ALTER TABLE [HangFire].[State] WITH CHECK ADD CONSTRAINT [FK_HangFire_State_Job] FOREIGN KEY ([JobId]) REFERENCES [HangFire].[Job] ([Id]) ON DELETE CASCADE ON UPDATE CASCADE;,0,0
